parent_id,parent_name,child_id,child_name
,"CfE","1311","Mathematics"
"1311","Mathematics","1312","Information handling"
"1312","Information handling","1313","Data and analysis"
"1313","Data and analysis","1314","MNU 0-20a"
"1313","Data and analysis","1315","MNU 0-20b"
"1313","Data and analysis","1316","MNU 0-20c"
"1313","Data and analysis","1317","MNU 1-20a"
"1313","Data and analysis","1318","MNU 1-20b"
"1313","Data and analysis","1319","MNU 2-20a"
"1313","Data and analysis","1320","MNU 2-20b"
"1313","Data and analysis","1321","MNU 3-20a"
"1313","Data and analysis","1322","MNU 4-20a"
"1313","Data and analysis","1323","MTH 1-21a"
"1313","Data and analysis","1324","MTH 2-21a"
"1313","Data and analysis","1325","MTH 3-20b"
"1313","Data and analysis","1326","MTH 3-21a"
"1313","Data and analysis","1327","MTH 4-20b"
"1313","Data and analysis","1328","MTH 4-21a"
"1312","Information handling","1329","Ideas of chance and uncertainty"
"1329","Ideas of chance and uncertainty","1330","MNU 1-22a"
"1329","Ideas of chance and uncertainty","1331","MNU 2-22a"
"1329","Ideas of chance and uncertainty","1332","MNU 3-22a"
"1329","Ideas of chance and uncertainty","1333","MNU 4-22a"
"1311","Mathematics","1334","Number, money and measure"
"1334","Number, money and measure","1335","Estimation and rounding"
"1335","Estimation and rounding","1336","MNU 0-01a"
"1335","Estimation and rounding","1337","MNU 1-01a"
"1335","Estimation and rounding","1338","MNU 2-01a"
"1335","Estimation and rounding","1339","MNU 3-01a"
"1335","Estimation and rounding","1340","MNU 4-01a"
"1334","Number, money and measure","1341","Expressions and equations"
"1341","Expressions and equations","1342","MTH 1-15a"
"1341","Expressions and equations","1343","MTH 1-15b"
"1341","Expressions and equations","1344","MTH 2-15a"
"1341","Expressions and equations","1345","MTH 3-14a"
"1341","Expressions and equations","1346","MTH 3-15a"
"1341","Expressions and equations","1347","MTH 3-15b"
"1341","Expressions and equations","1348","MTH 4-14a"
"1341","Expressions and equations","1349","MTH 4-14b"
"1341","Expressions and equations","1350","MTH 4-15a"
"1334","Number, money and measure","1351","Fractions, decimal fractions and percentages"
"1351","Fractions, decimal fractions and percentages","1352","MNU 0-07a"
"1351","Fractions, decimal fractions and percentages","1353","MNU 1-07a"
"1351","Fractions, decimal fractions and percentages","1354","MNU 1-07b"
"1351","Fractions, decimal fractions and percentages","1355","MNU 2-07a"
"1351","Fractions, decimal fractions and percentages","1356","MNU 2-07b"
"1351","Fractions, decimal fractions and percentages","1357","MNU 3-07a"
"1351","Fractions, decimal fractions and percentages","1358","MNU 3-08a"
"1351","Fractions, decimal fractions and percentages","1359","MNU 4-07a"
"1351","Fractions, decimal fractions and percentages","1360","MNU 4-08a"
"1351","Fractions, decimal fractions and percentages","1361","MTH 1-07c"
"1351","Fractions, decimal fractions and percentages","1362","MTH 2-07c"
"1351","Fractions, decimal fractions and percentages","1363","MTH 3-07b"
"1351","Fractions, decimal fractions and percentages","1364","MTH 3-07c"
"1351","Fractions, decimal fractions and percentages","1365","MTH 4-07b"
"1334","Number, money and measure","1366","Mathematics and its impact on the world, past, present and future"
"1366","Mathematics and its impact on the world, past, present and future","1367","MTH 1-12a"
"1366","Mathematics and its impact on the world, past, present and future","1368","MTH 2-12a"
"1366","Mathematics and its impact on the world, past, present and future","1369","MTH 3-12a"
"1366","Mathematics and its impact on the world, past, present and future","1370","MTH 4-12a"
"1334","Number, money and measure","1371","Measurement"
"1371","Measurement","1372","MNU 0-11a"
"1371","Measurement","1373","MNU 1-11a"
"1371","Measurement","1374","MNU 1-11b"
"1371","Measurement","1375","MNU 2-11a"
"1371","Measurement","1376","MNU 2-11b"
"1371","Measurement","1377","MNU 2-11c"
"1371","Measurement","1378","MNU 3-11a"
"1371","Measurement","1379","MNU 4-11a"
"1371","Measurement","1380","MTH 3-11b"
"1371","Measurement","1381","MTH 4-11b"
"1371","Measurement","1382","MTH 4-11c"
"1334","Number, money and measure","1383","Money"
"1383","Money","1384","MNU 0-09a"
"1383","Money","1385","MNU 1-09a"
"1383","Money","1386","MNU 1-09b"
"1383","Money","1387","MNU 2-09a"
"1383","Money","1388","MNU 2-09b"
"1383","Money","1389","MNU 2-09c"
"1383","Money","1390","MNU 3-09a"
"1383","Money","1391","MNU 3-09b"
"1383","Money","1392","MNU 4-09a"
"1383","Money","1393","MNU 4-09b"
"1383","Money","1394","MNU 4-09c"
"1334","Number, money and measure","1395","Multiples, factors and primes"
"1395","Multiples, factors and primes","1396","MTH 2-05a"
"1395","Multiples, factors and primes","1397","MTH 3-05a"
"1395","Multiples, factors and primes","1398","MTH 3-05b"
"1334","Number, money and measure","1399","Number and number processes"
"1399","Number and number processes","1400","MNU 0-02a"
"1399","Number and number processes","1401","MNU 0-03a"
"1399","Number and number processes","1402","MNU 1-02a"
"1399","Number and number processes","1403","MNU 1-03a"
"1399","Number and number processes","1404","MNU 2-02a"
"1399","Number and number processes","1405","MNU 2-03a"
"1399","Number and number processes","1406","MNU 2-03b"
"1399","Number and number processes","1407","MNU 2-04a"
"1399","Number and number processes","1408","MNU 3-03a"
"1399","Number and number processes","1409","MNU 3-03b"
"1399","Number and number processes","1410","MNU 3-04a"
"1399","Number and number processes","1411","MNU 4-03a"
"1399","Number and number processes","1412","MTH 2-03c"
"1399","Number and number processes","1413","MTH 4-03b"
"1334","Number, money and measure","1414","Patterns and relationships"
"1414","Patterns and relationships","1415","MTH 0-13a"
"1414","Patterns and relationships","1416","MTH 1-13a"
"1414","Patterns and relationships","1417","MTH 1-13b"
"1414","Patterns and relationships","1418","MTH 2-13a"
"1414","Patterns and relationships","1419","MTH 3-13a"
"1414","Patterns and relationships","1420","MTH 4-13a"
"1414","Patterns and relationships","1421","MTH 4-13b"
"1414","Patterns and relationships","1422","MTH 4-13c"
"1414","Patterns and relationships","1423","MTH 4-13d"
"1334","Number, money and measure","1424","Powers and roots"
"1424","Powers and roots","1425","MTH 3-06a"
"1424","Powers and roots","1426","MTH 4-06a"
"1424","Powers and roots","1427","MTH 4-06b"
"1334","Number, money and measure","1428","Time"
"1428","Time","1429","MNU 0-10a"
"1428","Time","1430","MNU 1-10a"
"1428","Time","1431","MNU 1-10b"
"1428","Time","1432","MNU 1-10c"
"1428","Time","1433","MNU 2-10a"
"1428","Time","1434","MNU 2-10b"
"1428","Time","1435","MNU 2-10c"
"1428","Time","1436","MNU 3-10a"
"1428","Time","1437","MNU 4-10a"
"1428","Time","1438","MNU 4-10b"
"1311","Mathematics","1439","Shape, position and movement"
"1439","Shape, position and movement","1440","Angle, symmetry and transformation"
"1440","Angle, symmetry and transformation","1441","MTH 0-17a"
"1440","Angle, symmetry and transformation","1442","MTH 0-19a"
"1440","Angle, symmetry and transformation","1443","MTH 1-17a"
"1440","Angle, symmetry and transformation","1444","MTH 1-18a"
"1440","Angle, symmetry and transformation","1445","MTH 1-19a"
"1440","Angle, symmetry and transformation","1446","MTH 2-17a"
"1440","Angle, symmetry and transformation","1447","MTH 2-17b"
"1440","Angle, symmetry and transformation","1448","MTH 2-17c"
"1440","Angle, symmetry and transformation","1449","MTH 2-17d"
"1440","Angle, symmetry and transformation","1450","MTH 2-18a"
"1440","Angle, symmetry and transformation","1451","MTH 2-19a"
"1440","Angle, symmetry and transformation","1452","MTH 3-17a"
"1440","Angle, symmetry and transformation","1453","MTH 3-17b"
"1440","Angle, symmetry and transformation","1454","MTH 3-17c"
"1440","Angle, symmetry and transformation","1455","MTH 3-18a"
"1440","Angle, symmetry and transformation","1456","MTH 3-19a"
"1440","Angle, symmetry and transformation","1457","MTH 4-17a"
"1440","Angle, symmetry and transformation","1458","MTH 4-17b"
"1440","Angle, symmetry and transformation","1459","MTH 4-18a"
"1440","Angle, symmetry and transformation","1460","MTH 4-18b"
"1440","Angle, symmetry and transformation","1461","MTH 4-19a"
"1439","Shape, position and movement","1462","Properties of 2D shapes and 3D objects"
"1462","Properties of 2D shapes and 3D objects","1463","MTH 0-16a"
"1462","Properties of 2D shapes and 3D objects","1464","MTH 1-16a"
"1462","Properties of 2D shapes and 3D objects","1465","MTH 1-16b"
"1462","Properties of 2D shapes and 3D objects","1466","MTH 2-16a"
"1462","Properties of 2D shapes and 3D objects","1467","MTH 2-16b"
"1462","Properties of 2D shapes and 3D objects","1468","MTH 2-16c"
"1462","Properties of 2D shapes and 3D objects","1469","MTH 3-16a"
"1462","Properties of 2D shapes and 3D objects","1470","MTH 4-16a"
"1462","Properties of 2D shapes and 3D objects","1471","MTH 4-16b"
,"CfE","1472","Religious and moral education"
"1472","Religious and moral education","1473","Christianity"
"1473","Christianity","1474","Beliefs"
"1474","Beliefs","1475","RME 0-01a"
"1474","Beliefs","1476","RME 1-01a"
"1474","Beliefs","1477","RME 1-01b"
"1474","Beliefs","1478","RME 1-01c"
"1474","Beliefs","1479","RME 2-01a"
"1474","Beliefs","1480","RME 2-01b"
"1474","Beliefs","1481","RME 2-01c"
"1474","Beliefs","1482","RME 3-01a"
"1474","Beliefs","1483","RME 3-01b"
"1474","Beliefs","1484","RME 3-01c"
"1474","Beliefs","1485","RME 3-01d"
"1474","Beliefs","1486","RME 4-01a"
"1474","Beliefs","1487","RME 4-01b"
"1473","Christianity","1488","Practices and traditions"
"1488","Practices and traditions","1489","RME 0-03a"
"1488","Practices and traditions","1490","RME 1-03a"
"1488","Practices and traditions","1491","RME 1-03b"
"1488","Practices and traditions","1492","RME 2-03a"
"1488","Practices and traditions","1493","RME 2-03b"
"1488","Practices and traditions","1494","RME 2-03c"
"1488","Practices and traditions","1495","RME 3-03a"
"1488","Practices and traditions","1496","RME 3-03b"
"1488","Practices and traditions","1497","RME 4-03a"
"1488","Practices and traditions","1498","RME 4-03b"
"1473","Christianity","1499","Values and issues"
"1499","Values and issues","1500","RME 0-02a"
"1499","Values and issues","1501","RME 1-02a"
"1499","Values and issues","1502","RME 1-02b"
"1499","Values and issues","1503","RME 2-02a"
"1499","Values and issues","1504","RME 2-02b"
"1499","Values and issues","1505","RME 3-02a"
"1499","Values and issues","1506","RME 3-02b"
"1499","Values and issues","1507","RME 3-02c"
"1499","Values and issues","1508","RME 4-02a"
"1499","Values and issues","1509","RME 4-02b"
"1499","Values and issues","1510","RME 4-02c"
"1472","Religious and moral education","1511","Development of beliefs and values"
"1511","Development of beliefs and values","1512","RME 0-07a"
"1511","Development of beliefs and values","1513","RME 0-09a"
"1511","Development of beliefs and values","1514","RME 1-07a"
"1511","Development of beliefs and values","1515","RME 1-08a"
"1511","Development of beliefs and values","1516","RME 1-09a"
"1511","Development of beliefs and values","1517","RME 1-09b"
"1511","Development of beliefs and values","1518","RME 1-09c"
"1511","Development of beliefs and values","1519","RME 2-07a"
"1511","Development of beliefs and values","1520","RME 2-08a"
"1511","Development of beliefs and values","1521","RME 2-09a"
"1511","Development of beliefs and values","1522","RME 2-09b"
"1511","Development of beliefs and values","1523","RME 2-09c"
"1511","Development of beliefs and values","1524","RME 2-09d"
"1511","Development of beliefs and values","1525","RME 3-07a"
"1511","Development of beliefs and values","1526","RME 3-08a"
"1511","Development of beliefs and values","1527","RME 3-09a"
"1511","Development of beliefs and values","1528","RME 3-09b"
"1511","Development of beliefs and values","1529","RME 3-09c"
"1511","Development of beliefs and values","1530","RME 3-09d"
"1511","Development of beliefs and values","1531","RME 4-07a"
"1511","Development of beliefs and values","1532","RME 4-08a"
"1511","Development of beliefs and values","1533","RME 4-09a"
"1511","Development of beliefs and values","1534","RME 4-09b"
"1511","Development of beliefs and values","1535","RME 4-09c"
"1511","Development of beliefs and values","1536","RME 4-09d"
"1511","Development of beliefs and values","1537","RME 4-09e"
"1472","Religious and moral education","1538","World religions selected for study"
"1538","World religions selected for study","1539","Beliefs"
"1539","Beliefs","1540","RME 0-04a"
"1539","Beliefs","1541","RME 1-04a"
"1539","Beliefs","1542","RME 1-04b"
"1539","Beliefs","1543","RME 1-04c"
"1539","Beliefs","1544","RME 2-04a"
"1539","Beliefs","1545","RME 2-04b"
"1539","Beliefs","1546","RME 2-04c"
"1539","Beliefs","1547","RME 3-04a"
"1539","Beliefs","1548","RME 3-04b"
"1539","Beliefs","1549","RME 3-04c"
"1539","Beliefs","1550","RME 3-04d"
"1539","Beliefs","1551","RME 4-04a"
"1539","Beliefs","1552","RME 4-04b"
"1538","World religions selected for study","1553","Practices and traditions"
"1553","Practices and traditions","1554","RME 0-06a"
"1553","Practices and traditions","1555","RME 1-06a"
"1553","Practices and traditions","1556","RME 1-06b"
"1553","Practices and traditions","1557","RME 2-06a"
"1553","Practices and traditions","1558","RME 2-06b"
"1553","Practices and traditions","1559","RME 2-06c"
"1553","Practices and traditions","1560","RME 3-06a"
"1553","Practices and traditions","1561","RME 3-06b"
"1553","Practices and traditions","1562","RME 4-06a"
"1553","Practices and traditions","1563","RME 4-06b"
"1538","World religions selected for study","1564","Values and issues"
"1564","Values and issues","1565","RME 0-05a"
"1564","Values and issues","1566","RME 1-05a"
"1564","Values and issues","1567","RME 1-05b"
"1564","Values and issues","1568","RME 2-05a"
"1564","Values and issues","1569","RME 2-05b"
"1564","Values and issues","1570","RME 3-05a"
"1564","Values and issues","1571","RME 3-05b"
"1564","Values and issues","1572","RME 3-05c"
"1564","Values and issues","1573","RME 4-05a"
"1564","Values and issues","1574","RME 4-05b"
"1564","Values and issues","1575","RME 4-05c"
,"CfE","1576","Religious Education in Roman Catholic schools"
"1576","Religious Education in Roman Catholic schools","1577","Catholic Christianity"
"1577","Catholic Christianity","1578","Hours of God"
"1578","Hours of God","1579","RERC 0-14a"
"1578","Hours of God","1580","RERC 0-15a"
"1578","Hours of God","1581","RERC 0-16a"
"1578","Hours of God","1582","RERC 0-17a"
"1578","Hours of God","1583","RERC 0-18a"
"1578","Hours of God","1584","RERC 1-14a"
"1578","Hours of God","1585","RERC 1-15a"
"1578","Hours of God","1586","RERC 1-16a"
"1578","Hours of God","1587","RERC 1-17a"
"1578","Hours of God","1588","RERC 1-18a"
"1578","Hours of God","1589","RERC 1-19a"
"1578","Hours of God","1590","RERC 2-14a"
"1578","Hours of God","1591","RERC 2-15a"
"1578","Hours of God","1592","RERC 2-16a"
"1578","Hours of God","1593","RERC 2-17a"
"1578","Hours of God","1594","RERC 2-18a"
"1578","Hours of God","1595","RERC 2-19a"
"1578","Hours of God","1596","RERC 3-14a"
"1578","Hours of God","1597","RERC 3-15a"
"1578","Hours of God","1598","RERC 3-16a"
"1578","Hours of God","1599","RERC 3-17a"
"1578","Hours of God","1600","RERC 3-18a"
"1578","Hours of God","1601","RERC 4-14a"
"1578","Hours of God","1602","RERC 4-15a"
"1578","Hours of God","1603","RERC 4-16a"
"1578","Hours of God","1604","RERC 4-17a"
"1578","Hours of God","1605","RERC 4-18a"
"1577","Catholic Christianity","1606","In the Image of God"
"1606","In the Image of God","1607","RERC 0-02a"
"1606","In the Image of God","1608","RERC 1-02a"
"1606","In the Image of God","1609","RERC 2-02a"
"1606","In the Image of God","1610","RERC 3-02a"
"1606","In the Image of God","1611","RERC 4-02a"
"1577","Catholic Christianity","1612","Mystery of God"
"1612","Mystery of God","1613","RERC 0-01a"
"1612","Mystery of God","1614","RERC 1-01a"
"1612","Mystery of God","1615","RERC 2-01a"
"1612","Mystery of God","1616","RERC 2-01b"
"1612","Mystery of God","1617","RERC 3-01a"
"1612","Mystery of God","1618","RERC 4-01a"
"1577","Catholic Christianity","1619","Reign of God"
"1619","Reign of God","1620","RERC 0-20a"
"1619","Reign of God","1621","RERC 0-21a"
"1619","Reign of God","1622","RERC 1-20a"
"1619","Reign of God","1623","RERC 1-21a"
"1619","Reign of God","1624","RERC 1-22a"
"1619","Reign of God","1625","RERC 1-23a"
"1619","Reign of God","1626","RERC 1-24a"
"1619","Reign of God","1627","RERC 2-20a"
"1619","Reign of God","1628","RERC 2-21a"
"1619","Reign of God","1629","RERC 2-21b"
"1619","Reign of God","1630","RERC 2-22a"
"1619","Reign of God","1631","RERC 2-23a"
"1619","Reign of God","1632","RERC 2-24a"
"1619","Reign of God","1633","RERC 3-20a"
"1619","Reign of God","1634","RERC 3-21a"
"1619","Reign of God","1635","RERC 3-22a"
"1619","Reign of God","1636","RERC 3-23a"
"1619","Reign of God","1637","RERC 3-24a"
"1619","Reign of God","1638","RERC 4-20a"
"1619","Reign of God","1639","RERC 4-21a"
"1619","Reign of God","1640","RERC 4-22a"
"1619","Reign of God","1641","RERC 4-23a"
"1619","Reign of God","1642","RERC 4-24a"
"1577","Catholic Christianity","1643","Revealed Truth of God"
"1643","Revealed Truth of God","1644","RERC 0-03a"
"1643","Revealed Truth of God","1645","RERC 0-04a"
"1643","Revealed Truth of God","1646","RERC 1-03a"
"1643","Revealed Truth of God","1647","RERC 1-04a"
"1643","Revealed Truth of God","1648","RERC 2-03a"
"1643","Revealed Truth of God","1649","RERC 2-04a"
"1643","Revealed Truth of God","1650","RERC 3-03a"
"1643","Revealed Truth of God","1651","RERC 3-04a"
"1643","Revealed Truth of God","1652","RERC 4-04a"
"1577","Catholic Christianity","1653","Signs of God"
"1653","Signs of God","1654","RERC 0-08a"
"1653","Signs of God","1655","RERC 1-08a"
"1653","Signs of God","1656","RERC 1-09a"
"1653","Signs of God","1657","RERC 1-10a"
"1653","Signs of God","1658","RERC 2-08a"
"1653","Signs of God","1659","RERC 2-09a"
"1653","Signs of God","1660","RERC 2-09b"
"1653","Signs of God","1661","RERC 2-10a"
"1653","Signs of God","1662","RERC 3-08a"
"1653","Signs of God","1663","RERC 3-09a"
"1653","Signs of God","1664","RERC 3-10a"
"1653","Signs of God","1665","RERC 4-08a"
"1653","Signs of God","1666","RERC 4-09a"
"1653","Signs of God","1667","RERC 4-10a"
"1577","Catholic Christianity","1668","Son of God"
"1668","Son of God","1669","RERC 0-05a"
"1668","Son of God","1670","RERC 0-07a"
"1668","Son of God","1671","RERC 1-05a"
"1668","Son of God","1672","RERC 1-06a"
"1668","Son of God","1673","RERC 1-06b"
"1668","Son of God","1674","RERC 1-07a"
"1668","Son of God","1675","RERC 2-05a"
"1668","Son of God","1676","RERC 2-06a"
"1668","Son of God","1677","RERC 2-06b"
"1668","Son of God","1678","RERC 2-07a"
"1668","Son of God","1679","RERC 3-05a"
"1668","Son of God","1680","RERC 3-06a"
"1668","Son of God","1681","RERC 3-07a"
"1668","Son of God","1682","RERC 4-05a"
"1668","Son of God","1683","RERC 4-06a"
"1668","Son of God","1684","RERC 4-07a"
"1577","Catholic Christianity","1685","Word of God"
"1685","Word of God","1686","RERC 0-11a"
"1685","Word of God","1687","RERC 0-12a"
"1685","Word of God","1688","RERC 1-11a"
"1685","Word of God","1689","RERC 1-12a"
"1685","Word of God","1690","RERC 2-11a"
"1685","Word of God","1691","RERC 2-12a"
"1685","Word of God","1692","RERC 3-11a"
"1685","Word of God","1693","RERC 3-12a"
"1685","Word of God","1694","RERC 3-13a"
"1685","Word of God","1695","RERC 4-11a"
"1685","Word of God","1696","RERC 4-12a"
"1685","Word of God","1697","RERC 4-13a"
"1576","Religious Education in Roman Catholic schools","1698","Other world religions"
"1698","Other world religions","1699","Beliefs"
"1699","Beliefs","1700","RERC 1-25a"
"1699","Beliefs","1701","RERC 2-25a"
"1699","Beliefs","1702","RERC 3-25a"
"1699","Beliefs","1703","RERC 4-25a"
"1699","Beliefs","1704","RERC 4-25b"
"1698","Other world religions","1705","Practices and traditions"
"1705","Practices and traditions","1706","RERC 1-27a"
"1705","Practices and traditions","1707","RERC 1-27b"
"1705","Practices and traditions","1708","RERC 2-27a"
"1705","Practices and traditions","1709","RERC 2-27b"
"1705","Practices and traditions","1710","RERC 3-27a"
"1705","Practices and traditions","1711","RERC 3-27b"
"1705","Practices and traditions","1712","RERC 4-27a"
"1705","Practices and traditions","1713","RERC 4-27b"
"1698","Other world religions","1714","Values and issues"
"1714","Values and issues","1715","RERC 1-26a"
"1714","Values and issues","1716","RERC 2-26a"
"1714","Values and issues","1717","RERC 3-26a"
"1714","Values and issues","1718","RERC 3-26b"
"1714","Values and issues","1719","RERC 4-26a"
"1714","Values and issues","1720","RERC 4-26b"
,"CfE","1721","Expressive Arts"
"1721","Expressive Arts","1722","Art and design"
"1722","Art and design","1723","EXA 0-02a"
"1722","Art and design","1724","EXA 0-04a"
"1722","Art and design","1725","EXA 0-05a"
"1722","Art and design","1726","EXA 0-06a"
"1722","Art and design","1727","EXA 0-07a"
"1722","Art and design","1728","EXA 1-02a"
"1722","Art and design","1729","EXA 1-03a"
"1722","Art and design","1730","EXA 1-04a"
"1722","Art and design","1731","EXA 1-05a"
"1722","Art and design","1732","EXA 1-06a"
"1722","Art and design","1733","EXA 1-07a"
"1722","Art and design","1734","EXA 2-02a"
"1722","Art and design","1735","EXA 2-03a"
"1722","Art and design","1736","EXA 2-04a"
"1722","Art and design","1737","EXA 2-05a"
"1722","Art and design","1738","EXA 2-06a"
"1722","Art and design","1739","EXA 2-07a"
"1722","Art and design","1740","EXA 3-02a"
"1722","Art and design","1741","EXA 3-03a"
"1722","Art and design","1742","EXA 3-04a"
"1722","Art and design","1743","EXA 3-06a"
"1722","Art and design","1744","EXA 3-07a"
"1722","Art and design","1745","EXA 4-02a"
"1722","Art and design","1746","EXA 4-03a"
"1722","Art and design","1747","EXA 4-04a"
"1722","Art and design","1748","EXA 4-05a"
"1722","Art and design","1749","EXA 4-06a"
"1722","Art and design","1750","EXA 4-07a"
"1721","Expressive Arts","1751","Dance"
"1751","Dance","1752","EXA 0-08a"
"1751","Dance","1753","EXA 0-09a"
"1751","Dance","1754","EXA 0-10a"
"1751","Dance","1755","EXA 0-11a"
"1751","Dance","1756","EXA 1-08a"
"1751","Dance","1757","EXA 1-09a"
"1751","Dance","1758","EXA 1-10a"
"1751","Dance","1759","EXA 1-11a"
"1751","Dance","1760","EXA 2-08a"
"1751","Dance","1761","EXA 2-09a"
"1751","Dance","1762","EXA 2-10a"
"1751","Dance","1763","EXA 2-11a"
"1751","Dance","1764","EXA 3-08a"
"1751","Dance","1765","EXA 3-11a"
"1751","Dance","1766","EXA 4-08a"
"1751","Dance","1767","EXA 4-08b"
"1751","Dance","1768","EXA 4-09a"
"1751","Dance","1769","EXA 4-10a"
"1751","Dance","1770","EXA 4-11a"
"1721","Expressive Arts","1771","Drama"
"1771","Drama","1772","EXA 0-12a"
"1771","Drama","1773","EXA 0-13a"
"1771","Drama","1774","EXA 0-14a"
"1771","Drama","1775","EXA 0-15a"
"1771","Drama","1776","EXA 1-12a"
"1771","Drama","1777","EXA 1-13a"
"1771","Drama","1778","EXA 1-14a"
"1771","Drama","1779","EXA 1-15a"
"1771","Drama","1780","EXA 2-12a"
"1771","Drama","1781","EXA 2-13a"
"1771","Drama","1782","EXA 2-14a"
"1771","Drama","1783","EXA 2-15a"
"1771","Drama","1784","EXA 3-12a"
"1771","Drama","1785","EXA 3-14a"
"1771","Drama","1786","EXA 3-15a"
"1771","Drama","1787","EXA 4-12a"
"1771","Drama","1788","EXA 4-13a"
"1771","Drama","1789","EXA 4-14a"
"1771","Drama","1790","EXA 4-14b"
"1771","Drama","1791","EXA 4-15a"
"1721","Expressive Arts","1792","Music"
"1792","Music","1793","EXA 0-16a"
"1792","Music","1794","EXA 0-17a"
"1792","Music","1795","EXA 0-18a"
"1792","Music","1796","EXA 0-19a"
"1792","Music","1797","EXA 1-16a"
"1792","Music","1798","EXA 1-17a"
"1792","Music","1799","EXA 1-18a"
"1792","Music","1800","EXA 1-19a"
"1792","Music","1801","EXA 2-16a"
"1792","Music","1802","EXA 2-17a"
"1792","Music","1803","EXA 2-18a"
"1792","Music","1804","EXA 2-19a"
"1792","Music","1805","EXA 3-16a"
"1792","Music","1806","EXA 3-17a"
"1792","Music","1807","EXA 3-19a"
"1792","Music","1808","EXA 4-16a"
"1792","Music","1809","EXA 4-17a"
"1792","Music","1810","EXA 4-17b"
"1792","Music","1811","EXA 4-18a"
"1792","Music","1812","EXA 4-19a"
"1721","Expressive Arts","1813","Participation in performances and presentations"
"1813","Participation in performances and presentations","1814","EXA 0-01a"
"1813","Participation in performances and presentations","1815","EXA 1-01a"
"1813","Participation in performances and presentations","1816","EXA 2-01a"
"1813","Participation in performances and presentations","1817","EXA 3-01a"
"1813","Participation in performances and presentations","1818","EXA 3-01b"
"1813","Participation in performances and presentations","1819","EXA 4-01a"
,"CfE","1820","Sciences"
"1820","Sciences","1821","Biological systems"
"1821","Biological systems","1822","Body systems and cells"
"1822","Body systems and cells","1823","SCN 0-12a"
"1822","Body systems and cells","1824","SCN 1-12a"
"1822","Body systems and cells","1825","SCN 1-12b"
"1822","Body systems and cells","1826","SCN 1-13a"
"1822","Body systems and cells","1827","SCN 2-12a"
"1822","Body systems and cells","1828","SCN 2-12b"
"1822","Body systems and cells","1829","SCN 2-13a"
"1822","Body systems and cells","1830","SCN 3-12a"
"1822","Body systems and cells","1831","SCN 3-12b"
"1822","Body systems and cells","1832","SCN 3-13a"
"1822","Body systems and cells","1833","SCN 3-13b"
"1822","Body systems and cells","1834","SCN 3-13c"
"1822","Body systems and cells","1835","SCN 4-12a"
"1822","Body systems and cells","1836","SCN 4-12b"
"1822","Body systems and cells","1837","SCN 4-13a"
"1822","Body systems and cells","1838","SCN 4-13b"
"1822","Body systems and cells","1839","SCN 4-13c"
"1821","Biological systems","1840","Inheritance"
"1840","Inheritance","1841","SCN 1-14a"
"1840","Inheritance","1842","SCN 2-14a"
"1840","Inheritance","1843","SCN 2-14b"
"1840","Inheritance","1844","SCN 3-14a"
"1840","Inheritance","1845","SCN 3-14b"
"1840","Inheritance","1846","SCN 4-14a"
"1840","Inheritance","1847","SCN 4-14b"
"1840","Inheritance","1848","SCN 4-14c"
"1820","Sciences","1849","Forces, electricity and waves"
"1849","Forces, electricity and waves","1850","Electricity"
"1850","Electricity","1851","SCN 0-09a"
"1850","Electricity","1852","SCN 1-09a"
"1850","Electricity","1853","SCN 2-09a"
"1850","Electricity","1854","SCN 2-10a"
"1850","Electricity","1855","SCN 3-09a"
"1850","Electricity","1856","SCN 3-10a"
"1850","Electricity","1857","SCN 4-09a"
"1850","Electricity","1858","SCN 4-09b"
"1850","Electricity","1859","SCN 4-09c"
"1850","Electricity","1860","SCN 4-10a"
"1850","Electricity","1861","SCN 4-10b"
"1849","Forces, electricity and waves","1862","Forces"
"1862","Forces","1863","SCN 0-07a"
"1862","Forces","1864","SCN 1-07a"
"1862","Forces","1865","SCN 1-08a"
"1862","Forces","1866","SCN 2-07a"
"1862","Forces","1867","SCN 2-08a"
"1862","Forces","1868","SCN 2-08b"
"1862","Forces","1869","SCN 3-07a"
"1862","Forces","1870","SCN 3-08a"
"1862","Forces","1871","SCN 4-07a"
"1862","Forces","1872","SCN 4-07b"
"1862","Forces","1873","SCN 4-08a"
"1862","Forces","1874","SCN 4-08b"
"1849","Forces, electricity and waves","1875","Vibrations and waves"
"1875","Vibrations and waves","1876","SCN 0-11a"
"1875","Vibrations and waves","1877","SCN 1-11a"
"1875","Vibrations and waves","1878","SCN 2-11a"
"1875","Vibrations and waves","1879","SCN 2-11b"
"1875","Vibrations and waves","1880","SCN 3-11a"
"1875","Vibrations and waves","1881","SCN 3-11b"
"1875","Vibrations and waves","1882","SCN 4-11a"
"1875","Vibrations and waves","1883","SCN 4-11b"
"1820","Sciences","1884","Materials"
"1884","Materials","1885","Chemical changes"
"1885","Chemical changes","1886","SCN 2-18a"
"1885","Chemical changes","1887","SCN 2-19a"
"1885","Chemical changes","1888","SCN 3-18a"
"1885","Chemical changes","1889","SCN 3-19a"
"1885","Chemical changes","1890","SCN 3-19b"
"1885","Chemical changes","1891","SCN 4-18a"
"1885","Chemical changes","1892","SCN 4-19a"
"1885","Chemical changes","1893","SCN 4-19b"
"1884","Materials","1894","Earth's materials"
"1894","Earth's materials","1895","SCN 2-17a"
"1894","Earth's materials","1896","SCN 3-17a"
"1894","Earth's materials","1897","SCN 3-17b"
"1894","Earth's materials","1898","SCN 4-17a"
"1884","Materials","1899","Properties and uses of substances"
"1899","Properties and uses of substances","1900","SCN 0-15a"
"1899","Properties and uses of substances","1901","SCN 1-15a"
"1899","Properties and uses of substances","1902","SCN 1-16a"
"1899","Properties and uses of substances","1903","SCN 2-15a"
"1899","Properties and uses of substances","1904","SCN 2-16a"
"1899","Properties and uses of substances","1905","SCN 2-16b"
"1899","Properties and uses of substances","1906","SCN 3-15a"
"1899","Properties and uses of substances","1907","SCN 3-15b"
"1899","Properties and uses of substances","1908","SCN 3-16a"
"1899","Properties and uses of substances","1909","SCN 3-16b"
"1899","Properties and uses of substances","1910","SCN 4-15a"
"1899","Properties and uses of substances","1911","SCN 4-16a"
"1899","Properties and uses of substances","1912","SCN 4-16b"
"1820","Sciences","1913","Planet Earth"
"1913","Planet Earth","1914","Biodiversity and interdependence"
"1914","Biodiversity and interdependence","1915","SCN 0-01a"
"1914","Biodiversity and interdependence","1916","SCN 0-03a"
"1914","Biodiversity and interdependence","1917","SCN 1-01a"
"1914","Biodiversity and interdependence","1918","SCN 1-02a"
"1914","Biodiversity and interdependence","1919","SCN 1-03a"
"1914","Biodiversity and interdependence","1920","SCN 2-01a"
"1914","Biodiversity and interdependence","1921","SCN 2-02a"
"1914","Biodiversity and interdependence","1922","SCN 2-02b"
"1914","Biodiversity and interdependence","1923","SCN 2-03a"
"1914","Biodiversity and interdependence","1924","SCN 3-01a"
"1914","Biodiversity and interdependence","1925","SCN 3-02a"
"1914","Biodiversity and interdependence","1926","SCN 3-03a"
"1914","Biodiversity and interdependence","1927","SCN 4-01a"
"1914","Biodiversity and interdependence","1928","SCN 4-02a"
"1914","Biodiversity and interdependence","1929","SCN 4-02b"
"1914","Biodiversity and interdependence","1930","SCN 4-03a"
"1913","Planet Earth","1931","Energy sources and sustainability"
"1931","Energy sources and sustainability","1932","SCN 0-04a"
"1931","Energy sources and sustainability","1933","SCN 1-04a"
"1931","Energy sources and sustainability","1934","SCN 2-04a"
"1931","Energy sources and sustainability","1935","SCN 2-04b"
"1931","Energy sources and sustainability","1936","SCN 3-04a"
"1931","Energy sources and sustainability","1937","SCN 3-04b"
"1931","Energy sources and sustainability","1938","SCN 4-04a"
"1931","Energy sources and sustainability","1939","SCN 4-04b"
"1913","Planet Earth","1940","Processes of the planet"
"1940","Processes of the planet","1941","SCN 0-05a"
"1940","Processes of the planet","1942","SCN 1-05a"
"1940","Processes of the planet","1943","SCN 2-05a"
"1940","Processes of the planet","1944","SCN 3-05a"
"1940","Processes of the planet","1945","SCN 3-05b"
"1940","Processes of the planet","1946","SCN 4-05a"
"1940","Processes of the planet","1947","SCN 4-05b"
"1913","Planet Earth","1948","Space"
"1948","Space","1949","SCN 0-06a"
"1948","Space","1950","SCN 1-06a"
"1948","Space","1951","SCN 2-06a"
"1948","Space","1952","SCN 3-06a"
"1948","Space","1953","SCN 4-06a"
"1820","Sciences","1954","Topical science"
"1954","Topical science","1955","Topical science"
"1955","Topical science","1956","SCN 0-20a"
"1955","Topical science","1957","SCN 1-20a"
"1955","Topical science","1958","SCN 2-20a"
"1955","Topical science","1959","SCN 2-20b"
"1955","Topical science","1960","SCN 3-20a"
"1955","Topical science","1961","SCN 3-20b"
"1955","Topical science","1962","SCN 4-20a"
"1955","Topical science","1963","SCN 4-20b"
,"CfE","1964","Technologies"
"1964","Technologies","1965","Business contexts for developing technological skills and knowledge"
"1965","Business contexts for developing technological skills and knowledge","1966","TCH 3-06a"
"1965","Business contexts for developing technological skills and knowledge","1967","TCH 3-07a"
"1965","Business contexts for developing technological skills and knowledge","1968","TCH 3-07b"
"1965","Business contexts for developing technological skills and knowledge","1969","TCH 4-05a"
"1965","Business contexts for developing technological skills and knowledge","1970","TCH 4-06a"
"1965","Business contexts for developing technological skills and knowledge","1971","TCH 4-07a"
"1965","Business contexts for developing technological skills and knowledge","1972","TCH 4-07b"
"1964","Technologies","1973","Computing science contexts for developing technological skills and knowledge"
"1973","Computing science contexts for developing technological skills and knowledge","1974","TCH 0-09a"
"1973","Computing science contexts for developing technological skills and knowledge","1975","TCH 1-08a"
"1973","Computing science contexts for developing technological skills and knowledge","1976","TCH 1-09a"
"1973","Computing science contexts for developing technological skills and knowledge","1977","TCH 2-08a"
"1973","Computing science contexts for developing technological skills and knowledge","1978","TCH 2-09a"
"1973","Computing science contexts for developing technological skills and knowledge","1979","TCH 3-08a"
"1973","Computing science contexts for developing technological skills and knowledge","1980","TCH 3-08b"
"1973","Computing science contexts for developing technological skills and knowledge","1981","TCH 3-08c"
"1973","Computing science contexts for developing technological skills and knowledge","1982","TCH 3-09a"
"1973","Computing science contexts for developing technological skills and knowledge","1983","TCH 4-08a"
"1973","Computing science contexts for developing technological skills and knowledge","1984","TCH 4-08b"
"1973","Computing science contexts for developing technological skills and knowledge","1985","TCH 4-08c"
"1973","Computing science contexts for developing technological skills and knowledge","1986","TCH 4-08d"
"1973","Computing science contexts for developing technological skills and knowledge","1987","TCH 4-09a"
"1973","Computing science contexts for developing technological skills and knowledge","1988","TCH 4-09b"
"1973","Computing science contexts for developing technological skills and knowledge","1989","TCH 4-09c"
"1964","Technologies","1990","Craft, design, engineering and graphics contexts for developing technological skills and knowledge"
"1990","Craft, design, engineering and graphics contexts for developing technological skills and knowledge","1991","TCH 0-12a"
"1990","Craft, design, engineering and graphics contexts for developing technological skills and knowledge","1992","TCH 0-14a"
"1990","Craft, design, engineering and graphics contexts for developing technological skills and knowledge","1993","TCH 0-15a"
"1990","Craft, design, engineering and graphics contexts for developing technological skills and knowledge","1994","TCH 1-12a"
"1990","Craft, design, engineering and graphics contexts for developing technological skills and knowledge","1995","TCH 1-13a"
"1990","Craft, design, engineering and graphics contexts for developing technological skills and knowledge","1996","TCH 1-14a"
"1990","Craft, design, engineering and graphics contexts for developing technological skills and knowledge","1997","TCH 1-14b"
"1990","Craft, design, engineering and graphics contexts for developing technological skills and knowledge","1998","TCH 1-15a"
"1990","Craft, design, engineering and graphics contexts for developing technological skills and knowledge","1999","TCH 2-12a"
"1990","Craft, design, engineering and graphics contexts for developing technological skills and knowledge","2000","TCH 2-13a"
"1990","Craft, design, engineering and graphics contexts for developing technological skills and knowledge","2001","TCH 2-14a"
"1990","Craft, design, engineering and graphics contexts for developing technological skills and knowledge","2002","TCH 2-14b"
"1990","Craft, design, engineering and graphics contexts for developing technological skills and knowledge","2003","TCH 2-15a"
"1990","Craft, design, engineering and graphics contexts for developing technological skills and knowledge","2004","TCH 2-15b"
"1990","Craft, design, engineering and graphics contexts for developing technological skills and knowledge","2005","TCH 3-12a"
"1990","Craft, design, engineering and graphics contexts for developing technological skills and knowledge","2006","TCH 3-13a"
"1990","Craft, design, engineering and graphics contexts for developing technological skills and knowledge","2007","TCH 3-13b"
"1990","Craft, design, engineering and graphics contexts for developing technological skills and knowledge","2008","TCH 3-14a"
"1990","Craft, design, engineering and graphics contexts for developing technological skills and knowledge","2009","TCH 3-15a"
"1990","Craft, design, engineering and graphics contexts for developing technological skills and knowledge","2010","TCH 3-15b"
"1990","Craft, design, engineering and graphics contexts for developing technological skills and knowledge","2011","TCH 4-12a"
"1990","Craft, design, engineering and graphics contexts for developing technological skills and knowledge","2012","TCH 4-12b"
"1990","Craft, design, engineering and graphics contexts for developing technological skills and knowledge","2013","TCH 4-13a"
"1990","Craft, design, engineering and graphics contexts for developing technological skills and knowledge","2014","TCH 4-14a"
"1990","Craft, design, engineering and graphics contexts for developing technological skills and knowledge","2015","TCH 4-14b"
"1990","Craft, design, engineering and graphics contexts for developing technological skills and knowledge","2016","TCH 4-14c"
"1990","Craft, design, engineering and graphics contexts for developing technological skills and knowledge","2017","TCH 4-14d"
"1990","Craft, design, engineering and graphics contexts for developing technological skills and knowledge","2018","TCH 4-15a"
"1990","Craft, design, engineering and graphics contexts for developing technological skills and knowledge","2019","TCH 4-15b"
"1990","Craft, design, engineering and graphics contexts for developing technological skills and knowledge","2020","TCH 4-15c"
"1990","Craft, design, engineering and graphics contexts for developing technological skills and knowledge","2021","TCH 4-15d"
"1964","Technologies","2022","Food and textiles contexts for developing technological skills and knowledge"
"2022","Food and textiles contexts for developing technological skills and knowledge","2023","TCH 0-11a"
"2022","Food and textiles contexts for developing technological skills and knowledge","2024","TCH 1-11a"
"2022","Food and textiles contexts for developing technological skills and knowledge","2025","TCH 1-11b"
"2022","Food and textiles contexts for developing technological skills and knowledge","2026","TCH 2-11a"
"2022","Food and textiles contexts for developing technological skills and knowledge","2027","TCH 2-11b"
"2022","Food and textiles contexts for developing technological skills and knowledge","2028","TCH 3-10a"
"2022","Food and textiles contexts for developing technological skills and knowledge","2029","TCH 3-10b"
"2022","Food and textiles contexts for developing technological skills and knowledge","2030","TCH 3-10c"
"2022","Food and textiles contexts for developing technological skills and knowledge","2031","TCH 3-11a"
"2022","Food and textiles contexts for developing technological skills and knowledge","2032","TCH 4-10a"
"2022","Food and textiles contexts for developing technological skills and knowledge","2033","TCH 4-10b"
"2022","Food and textiles contexts for developing technological skills and knowledge","2034","TCH 4-11a"
"2022","Food and textiles contexts for developing technological skills and knowledge","2035","TCH 4-11b"
"2022","Food and textiles contexts for developing technological skills and knowledge","2036","TCH 4-11c"
"2022","Food and textiles contexts for developing technological skills and knowledge","2037","TCH 4-11d"
"1964","Technologies","2038","ICT to enhance learning"
"2038","ICT to enhance learning","2039","TCH 0-03a"
"2038","ICT to enhance learning","2040","TCH 0-04a"
"2038","ICT to enhance learning","2041","TCH 0-04b"
"2038","ICT to enhance learning","2042","TCH 1-03a"
"2038","ICT to enhance learning","2043","TCH 1-03b"
"2038","ICT to enhance learning","2044","TCH 1-04a"
"2038","ICT to enhance learning","2045","TCH 1-04b"
"2038","ICT to enhance learning","2046","TCH 2-03a"
"2038","ICT to enhance learning","2047","TCH 2-03b"
"2038","ICT to enhance learning","2048","TCH 2-04a"
"2038","ICT to enhance learning","2049","TCH 2-04b"
"2038","ICT to enhance learning","2050","TCH 3-03a"
"2038","ICT to enhance learning","2051","TCH 3-04a"
"2038","ICT to enhance learning","2052","TCH 4-03a"
"2038","ICT to enhance learning","2053","TCH 4-03b"
"2038","ICT to enhance learning","2054","TCH 4-04a"
"1964","Technologies","2055","Technological developments in society"
"2055","Technological developments in society","2056","TCH 0-01a"
"2055","Technological developments in society","2057","TCH 0-02a"
"2055","Technological developments in society","2058","TCH 1-01a"
"2055","Technological developments in society","2059","TCH 1-01b"
"2055","Technological developments in society","2060","TCH 1-01c"
"2055","Technological developments in society","2061","TCH 1-02a"
"2055","Technological developments in society","2062","TCH 2-01a"
"2055","Technological developments in society","2063","TCH 2-01b"
"2055","Technological developments in society","2064","TCH 2-02a"
"2055","Technological developments in society","2065","TCH 2-02b"
"2055","Technological developments in society","2066","TCH 3-01a"
"2055","Technological developments in society","2067","TCH 3-02a"
"2055","Technological developments in society","2068","TCH 4-01a"
"2055","Technological developments in society","2069","TCH 4-01b"
"2055","Technological developments in society","2070","TCH 4-01c"
"2055","Technological developments in society","2071","TCH 4-02a"
,"CfE","2072","Languages"
"2072","Languages","2073","Classical languages"
"2073","Classical languages","2074","Culture and heritage"
"2074","Culture and heritage","2075","CLAN 3-04a"
"2074","Culture and heritage","2076","CLAN 4-04a"
"2073","Classical languages","2077","Interpretation of texts"
"2077","Interpretation of texts","2078","CLAN 3-02a"
"2077","Interpretation of texts","2079","CLAN 4-02a"
"2073","Classical languages","2080","Translating texts"
"2080","Translating texts","2081","CLAN 3-01a"
"2080","Translating texts","2082","CLAN 4-01a"
"2073","Classical languages","2083","Using knowledge about language"
"2083","Using knowledge about language","2084","CLAN 3-03a"
"2083","Using knowledge about language","2085","CLAN 4-03a"
"2072","Languages","2086","Gaelic (learners)"
"2086","Gaelic (learners)","2087","Listening and talking"
"2087","Listening and talking","2088","Listening and talking with others"
"2088","Listening and talking with others","2089","LGL 0-02a"
"2088","Listening and talking with others","2090","LGL 0-04a"
"2088","Listening and talking with others","2091","LGL 1-02a"
"2088","Listening and talking with others","2092","LGL 1-03a"
"2088","Listening and talking with others","2093","LGL 1-04a"
"2088","Listening and talking with others","2094","LGL 1-05a"
"2088","Listening and talking with others","2095","LGL 2-02a"
"2088","Listening and talking with others","2096","LGL 2-03a"
"2088","Listening and talking with others","2097","LGL 2-04a"
"2088","Listening and talking with others","2098","LGL 2-05a"
"2088","Listening and talking with others","2099","LGL 3-02a"
"2088","Listening and talking with others","2100","LGL 3-03a"
"2088","Listening and talking with others","2101","LGL 3-04a"
"2088","Listening and talking with others","2102","LGL 3-05a"
"2088","Listening and talking with others","2103","LGL 4-02a"
"2088","Listening and talking with others","2104","LGL 4-03a"
"2088","Listening and talking with others","2105","LGL 4-04a"
"2088","Listening and talking with others","2106","LGL 4-05a"
"2087","Listening and talking","2107","Listening for information"
"2107","Listening for information","2108","LGL 0-01a/LGL 0-05a/LGL 0-07a/LGL 0-08a"
"2107","Listening for information","2109","LGL 1-01a"
"2107","Listening for information","2110","LGL 2-01a"
"2107","Listening for information","2111","LGL 3-01a"
"2107","Listening for information","2112","LGL 4-01a"
"2087","Listening and talking","2113","Organising and using information"
"2113","Organising and using information","2114","LGL 0-06a"
"2113","Organising and using information","2115","LGL 1-06a"
"2113","Organising and using information","2116","LGL 2-06a"
"2113","Organising and using information","2117","LGL 2-06b"
"2113","Organising and using information","2118","LGL 3-06a"
"2113","Organising and using information","2119","LGL 4-06a"
"2087","Listening and talking","2120","Using knowledge about language"
"2120","Using knowledge about language","2121","LGL 1-07a"
"2120","Using knowledge about language","2122","LGL 2-07a"
"2120","Using knowledge about language","2123","LGL 3-07a"
"2120","Using knowledge about language","2124","LGL 4-07a"
"2086","Gaelic (learners)","2125","Reading"
"2125","Reading","2126","Finding and using information"
"2126","Finding and using information","2127","LGL 1-08a"
"2126","Finding and using information","2128","LGL 2-08a"
"2126","Finding and using information","2129","LGL 3-08a"
"2126","Finding and using information","2130","LGL 4-08a"
"2125","Reading","2131","Reading for cultural appreciation"
"2131","Reading for cultural appreciation","2132","LGL 1-09a"
"2131","Reading for cultural appreciation","2133","LGL 2-09a"
"2131","Reading for cultural appreciation","2134","LGL 3-09a"
"2131","Reading for cultural appreciation","2135","LGL 4-09a"
"2125","Reading","2136","Reading for interest and enjoyment"
"2136","Reading for interest and enjoyment","2137","LGL 1-10a"
"2136","Reading for interest and enjoyment","2138","LGL 2-10a"
"2136","Reading for interest and enjoyment","2139","LGL 3-10a"
"2136","Reading for interest and enjoyment","2140","LGL 4-10a"
"2125","Reading","2141","Using knowledge about language"
"2141","Using knowledge about language","2142","LGL 0-11a / LGL 0-12a / LGL 0-13a"
"2141","Using knowledge about language","2143","LGL 1-11a"
"2141","Using knowledge about language","2144","LGL 2-11a"
"2141","Using knowledge about language","2145","LGL 2-11b"
"2141","Using knowledge about language","2146","LGL 2-11c"
"2141","Using knowledge about language","2147","LGL 3-11a"
"2141","Using knowledge about language","2148","LGL 3-11b"
"2141","Using knowledge about language","2149","LGL 4-11a"
"2086","Gaelic (learners)","2150","Writing"
"2150","Writing","2151","Organising and using information"
"2151","Organising and using information","2152","LGL 1-12a"
"2151","Organising and using information","2153","LGL 2-12a"
"2151","Organising and using information","2154","LGL 3-12a"
"2151","Organising and using information","2155","LGL 3-12b"
"2151","Organising and using information","2156","LGL 4-12a"
"2151","Organising and using information","2157","LGL 4-12b"
"2151","Organising and using information","2158","LGL 4-12c"
"2150","Writing","2159","Using knowledge about language"
"2159","Using knowledge about language","2160","LGL 1-13a"
"2159","Using knowledge about language","2161","LGL 2-13a"
"2159","Using knowledge about language","2162","LGL 3-13a"
"2159","Using knowledge about language","2163","LGL 3-13b"
"2159","Using knowledge about language","2164","LGL 4-13a"
"2159","Using knowledge about language","2165","LGL 4-13b"
"2072","Languages","2166","Literacy and English"
"2166","Literacy and English","2167","Listening and talking"
"2167","Listening and talking","2168","Creating texts"
"2168","Creating texts","2169","LIT 0-09a"
"2168","Creating texts","2170","LIT 0-09b/LIT 0-31a"
"2168","Creating texts","2171","LIT 0-10a"
"2168","Creating texts","2172","LIT 1-09a"
"2168","Creating texts","2173","LIT 1-10a"
"2168","Creating texts","2174","LIT 2-09a"
"2168","Creating texts","2175","LIT 2-10a"
"2168","Creating texts","2176","LIT 3-09a"
"2168","Creating texts","2177","LIT 3-10a"
"2168","Creating texts","2178","LIT 4-09a"
"2168","Creating texts","2179","LIT 4-10a"
"2167","Listening and talking","2180","Enjoyment and choice"
"2180","Enjoyment and choice","2181","LIT 0-01a/LIT 0-11a/LIT 0-20a"
"2180","Enjoyment and choice","2182","LIT 0-01b/LIT 0-11b"
"2180","Enjoyment and choice","2183","LIT 0-01c"
"2180","Enjoyment and choice","2184","LIT 1-01a"
"2180","Enjoyment and choice","2185","LIT 2-01a"
"2180","Enjoyment and choice","2186","LIT 3-01a"
"2180","Enjoyment and choice","2187","LIT 4-01a"
"2167","Listening and talking","2188","Finding and using information"
"2188","Finding and using information","2189","LIT 0-04a"
"2188","Finding and using information","2190","LIT 1-04a"
"2188","Finding and using information","2191","LIT 1-05a"
"2188","Finding and using information","2192","LIT 1-06a"
"2188","Finding and using information","2193","LIT 2-04a"
"2188","Finding and using information","2194","LIT 2-05a"
"2188","Finding and using information","2195","LIT 2-06a"
"2188","Finding and using information","2196","LIT 3-04a"
"2188","Finding and using information","2197","LIT 3-05a"
"2188","Finding and using information","2198","LIT 3-06a"
"2188","Finding and using information","2199","LIT 4-04a"
"2188","Finding and using information","2200","LIT 4-05a"
"2188","Finding and using information","2201","LIT 4-06a"
"2167","Listening and talking","2202","Tools for listening and talking"
"2202","Tools for listening and talking","2203","ENG 1-03a"
"2202","Tools for listening and talking","2204","ENG 2-03a"
"2202","Tools for listening and talking","2205","ENG 3-03a"
"2202","Tools for listening and talking","2206","ENG 4-03a"
"2202","Tools for listening and talking","2207","LIT 0-02a/ENG 0-03a"
"2202","Tools for listening and talking","2208","LIT 1-02a"
"2202","Tools for listening and talking","2209","LIT 2-02a"
"2202","Tools for listening and talking","2210","LIT 3-02a"
"2202","Tools for listening and talking","2211","LIT 4-02a"
"2167","Listening and talking","2212","Understanding, analysing and evaluating"
"2212","Understanding, analysing and evaluating","2213","LIT 0-07a/LIT 0-16a/ENG 0-17a"
"2212","Understanding, analysing and evaluating","2214","LIT 1-07a"
"2212","Understanding, analysing and evaluating","2215","LIT 1-08a"
"2212","Understanding, analysing and evaluating","2216","LIT 2-07a"
"2212","Understanding, analysing and evaluating","2217","LIT 2-08a"
"2212","Understanding, analysing and evaluating","2218","LIT 3-07a"
"2212","Understanding, analysing and evaluating","2219","LIT 3-08a"
"2212","Understanding, analysing and evaluating","2220","LIT 4-07a"
"2212","Understanding, analysing and evaluating","2221","LIT 4-08a"
"2166","Literacy and English","2222","Reading"
"2222","Reading","2223","Enjoyment and choice"
"2223","Enjoyment and choice","2224","LIT 1-11a"
"2223","Enjoyment and choice","2225","LIT 2-11a"
"2223","Enjoyment and choice","2226","LIT 3-11a"
"2223","Enjoyment and choice","2227","LIT 4-11a"
"2222","Reading","2228","Finding and using information"
"2228","Finding and using information","2229","LIT 0-14a"
"2228","Finding and using information","2230","LIT 1-14a"
"2228","Finding and using information","2231","LIT 1-15a"
"2228","Finding and using information","2232","LIT 2-14a"
"2228","Finding and using information","2233","LIT 2-15a"
"2228","Finding and using information","2234","LIT 3-14a"
"2228","Finding and using information","2235","LIT 3-15a"
"2228","Finding and using information","2236","LIT 4-14a"
"2228","Finding and using information","2237","LIT 4-15a"
"2222","Reading","2238","Tools for reading"
"2238","Tools for reading","2239","ENG 0-12a/LIT 0-13a/LIT 0-21a"
"2238","Tools for reading","2240","ENG 1-12a"
"2238","Tools for reading","2241","ENG 2-12a"
"2238","Tools for reading","2242","ENG 3-12a"
"2238","Tools for reading","2243","ENG 4-12a"
"2238","Tools for reading","2244","LIT 1-13a"
"2238","Tools for reading","2245","LIT 2-13a"
"2238","Tools for reading","2246","LIT 3-13a"
"2238","Tools for reading","2247","LIT 4-13a"
"2222","Reading","2248","Understanding, analysing and evaluating"
"2248","Understanding, analysing and evaluating","2249","ENG 1-17a"
"2248","Understanding, analysing and evaluating","2250","ENG 1-19a"
"2248","Understanding, analysing and evaluating","2251","ENG 2-17a"
"2248","Understanding, analysing and evaluating","2252","ENG 2-19a"
"2248","Understanding, analysing and evaluating","2253","ENG 3-17a"
"2248","Understanding, analysing and evaluating","2254","ENG 3-19a"
"2248","Understanding, analysing and evaluating","2255","ENG 4-17a"
"2248","Understanding, analysing and evaluating","2256","ENG 4-19a"
"2248","Understanding, analysing and evaluating","2257","LIT 0-19a"
"2248","Understanding, analysing and evaluating","2258","LIT 1-16a"
"2248","Understanding, analysing and evaluating","2259","LIT 1-18a"
"2248","Understanding, analysing and evaluating","2260","LIT 2-16a"
"2248","Understanding, analysing and evaluating","2261","LIT 2-18a"
"2248","Understanding, analysing and evaluating","2262","LIT 3-16a"
"2248","Understanding, analysing and evaluating","2263","LIT 3-18a"
"2248","Understanding, analysing and evaluating","2264","LIT 4-16a"
"2248","Understanding, analysing and evaluating","2265","LIT 4-18a"
"2166","Literacy and English","2266","Writing"
"2266","Writing","2267","Creating texts"
"2267","Creating texts","2268","ENG 1-30a"
"2267","Creating texts","2269","ENG 1-31a"
"2267","Creating texts","2270","ENG 2-27a"
"2267","Creating texts","2271","ENG 2-30a"
"2267","Creating texts","2272","ENG 2-31a"
"2267","Creating texts","2273","ENG 3-27a"
"2267","Creating texts","2274","ENG 3-30a"
"2267","Creating texts","2275","ENG 3-31a"
"2267","Creating texts","2276","ENG 4-27a"
"2267","Creating texts","2277","ENG 4-30a"
"2267","Creating texts","2278","ENG 4-31a"
"2267","Creating texts","2279","LIT 1-28a/LIT 1-29a"
"2267","Creating texts","2280","LIT 2-28a"
"2267","Creating texts","2281","LIT 2-29a"
"2267","Creating texts","2282","LIT 3-28a"
"2267","Creating texts","2283","LIT 3-29a"
"2267","Creating texts","2284","LIT 4-28a"
"2267","Creating texts","2285","LIT 4-29a"
"2266","Writing","2286","Enjoyment and choice"
"2286","Enjoyment and choice","2287","LIT 1-20a"
"2286","Enjoyment and choice","2288","LIT 2-20a"
"2286","Enjoyment and choice","2289","LIT 3-20a"
"2286","Enjoyment and choice","2290","LIT 4-20a"
"2266","Writing","2291","Organising and using information"
"2291","Organising and using information","2292","LIT 0-26a"
"2291","Organising and using information","2293","LIT 1-25a"
"2291","Organising and using information","2294","LIT 1-26a"
"2291","Organising and using information","2295","LIT 2-25a"
"2291","Organising and using information","2296","LIT 2-26a"
"2291","Organising and using information","2297","LIT 3-25a"
"2291","Organising and using information","2298","LIT 3-26a"
"2291","Organising and using information","2299","LIT 4-25a"
"2291","Organising and using information","2300","LIT 4-26a"
"2266","Writing","2301","Tools for writing"
"2301","Tools for writing","2302","LIT 0-21b"
"2301","Tools for writing","2303","LIT 1-21a"
"2301","Tools for writing","2304","LIT 1-22a"
"2301","Tools for writing","2305","LIT 1-23a"
"2301","Tools for writing","2306","LIT 1-24a"
"2301","Tools for writing","2307","LIT 2-21a"
"2301","Tools for writing","2308","LIT 2-22a"
"2301","Tools for writing","2309","LIT 2-23a"
"2301","Tools for writing","2310","LIT 2-24a"
"2301","Tools for writing","2311","LIT 3-21a"
"2301","Tools for writing","2312","LIT 3-22a"
"2301","Tools for writing","2313","LIT 3-23a"
"2301","Tools for writing","2314","LIT 3-24a"
"2301","Tools for writing","2315","LIT 4-21a"
"2301","Tools for writing","2316","LIT 4-22a"
"2301","Tools for writing","2317","LIT 4-23a"
"2301","Tools for writing","2318","LIT 4-24a"
"2072","Languages","2319","Literacy and Gaidhlig"
"2319","Literacy and Gaidhlig","2320","Listening and talking"
"2320","Listening and talking","2321","Creating texts"
"2320","Listening and talking","2322","Enjoyment and choice"
"2320","Listening and talking","2323","Finding and using information"
"2320","Listening and talking","2324","Tools for listening and talking"
"2324","Tools for listening and talking","2325","GAI 0-02a"
"2324","Tools for listening and talking","2326","GAI 1-02a"
"2324","Tools for listening and talking","2327","GAI 1-03a"
"2324","Tools for listening and talking","2328","GAI 2-02a"
"2324","Tools for listening and talking","2329","GAI 2-03a"
"2324","Tools for listening and talking","2330","GAI 3-02a"
"2324","Tools for listening and talking","2331","GAI 3-03a"
"2324","Tools for listening and talking","2332","GAI 4-02a"
"2324","Tools for listening and talking","2333","GAI 4-03a"
"2324","Tools for listening and talking","2334","LIT 0-02a/GAI 0-03a"
"2320","Listening and talking","2335","Understanding, analysing and evaluating"
"2335","Understanding, analysing and evaluating","2336","LIT 0-07a/LIT 0-16a/GAI 0-17a"
"2319","Literacy and Gaidhlig","2337","Reading"
"2337","Reading","2338","Enjoyment and choice"
"2337","Reading","2339","Finding and using information"
"2337","Reading","2340","Tools for reading"
"2340","Tools for reading","2341","GAI 0-12a/LIT 0-13a/LIT 0-21a"
"2340","Tools for reading","2342","GAI 1-12a"
"2340","Tools for reading","2343","GAI 2-12a"
"2340","Tools for reading","2344","GAI 3-12a"
"2340","Tools for reading","2345","GAI 4-12a"
"2337","Reading","2346","Understanding, analysing and evaluating"
"2346","Understanding, analysing and evaluating","2347","GAI 1-17a"
"2346","Understanding, analysing and evaluating","2348","GAI 1-19a"
"2346","Understanding, analysing and evaluating","2349","GAI 2-17a"
"2346","Understanding, analysing and evaluating","2350","GAI 2-19a"
"2346","Understanding, analysing and evaluating","2351","GAI 3-17a"
"2346","Understanding, analysing and evaluating","2352","GAI 3-19a"
"2346","Understanding, analysing and evaluating","2353","GAI 4-17a"
"2346","Understanding, analysing and evaluating","2354","GAI 4-19a"
"2319","Literacy and Gaidhlig","2355","Writing"
"2355","Writing","2356","Creating texts"
"2356","Creating texts","2357","GAI 1-30a"
"2356","Creating texts","2358","GAI 1-31a"
"2356","Creating texts","2359","GAI 2-27a"
"2356","Creating texts","2360","GAI 2-30a"
"2356","Creating texts","2361","GAI 2-31a"
"2356","Creating texts","2362","GAI 3-27a"
"2356","Creating texts","2363","GAI 3-30a"
"2356","Creating texts","2364","GAI 3-31a"
"2356","Creating texts","2365","GAI 4-27a"
"2356","Creating texts","2366","GAI 4-30a"
"2356","Creating texts","2367","GAI 4-31a"
"2355","Writing","2368","Enjoyment and choice"
"2355","Writing","2369","Organising and using information"
"2355","Writing","2370","Tools for writing"
"2072","Languages","2371","Modern languages"
"2371","Modern languages","2372","Listening and talking"
"2372","Listening and talking","2373","Listening and talking with others"
"2373","Listening and talking with others","2374","MLAN 2-02a"
"2373","Listening and talking with others","2375","MLAN 2-03a"
"2373","Listening and talking with others","2376","MLAN 2-03b"
"2373","Listening and talking with others","2377","MLAN 2-04a"
"2373","Listening and talking with others","2378","MLAN 2-05a"
"2373","Listening and talking with others","2379","MLAN 2-05b"
"2373","Listening and talking with others","2380","MLAN 3-02a"
"2373","Listening and talking with others","2381","MLAN 3-03a"
"2373","Listening and talking with others","2382","MLAN 3-04a"
"2373","Listening and talking with others","2383","MLAN 3-05a"
"2373","Listening and talking with others","2384","MLAN 4-02a"
"2373","Listening and talking with others","2385","MLAN 4-03a"
"2373","Listening and talking with others","2386","MLAN 4-04a"
"2373","Listening and talking with others","2387","MLAN 4-05a"
"2372","Listening and talking","2388","Listening for information"
"2388","Listening for information","2389","MLAN 2-01a"
"2388","Listening for information","2390","MLAN 2-01b"
"2388","Listening for information","2391","MLAN 2-01c"
"2388","Listening for information","2392","MLAN 3-01a"
"2388","Listening for information","2393","MLAN 4-01a"
"2372","Listening and talking","2394","Organising and using information"
"2394","Organising and using information","2395","MLAN 2-06a"
"2394","Organising and using information","2396","MLAN 2-06b"
"2394","Organising and using information","2397","MLAN 3-06a"
"2394","Organising and using information","2398","MLAN 3-06b"
"2394","Organising and using information","2399","MLAN 4-06a"
"2372","Listening and talking","2400","Using knowledge about language"
"2400","Using knowledge about language","2401","MLAN 2-07a"
"2400","Using knowledge about language","2402","MLAN 2-07b"
"2400","Using knowledge about language","2403","MLAN 3-07a"
"2400","Using knowledge about language","2404","MLAN 4-07a"
"2371","Modern languages","2405","Reading"
"2405","Reading","2406","Finding and using information"
"2406","Finding and using information","2407","MLAN 2-08a"
"2406","Finding and using information","2408","MLAN 2-08b"
"2406","Finding and using information","2409","MLAN 3-08a"
"2406","Finding and using information","2410","MLAN 4-08a"
"2405","Reading","2411","Reading for interest and enjoyment"
"2411","Reading for interest and enjoyment","2412","MLAN 2-10a"
"2411","Reading for interest and enjoyment","2413","MLAN 3-10a"
"2411","Reading for interest and enjoyment","2414","MLAN 4-10a"
"2405","Reading","2415","Reading to appreciate other cultures"
"2415","Reading to appreciate other cultures","2416","MLAN 2-09a"
"2415","Reading to appreciate other cultures","2417","MLAN 3-09a"
"2415","Reading to appreciate other cultures","2418","MLAN 4-09a"
"2405","Reading","2419","Using knowledge about language"
"2419","Using knowledge about language","2420","MLAN 2-11a"
"2419","Using knowledge about language","2421","MLAN 2-11b"
"2419","Using knowledge about language","2422","MLAN 2-11c"
"2419","Using knowledge about language","2423","MLAN 2-11d"
"2419","Using knowledge about language","2424","MLAN 3-11a"
"2419","Using knowledge about language","2425","MLAN 3-11b"
"2419","Using knowledge about language","2426","MLAN 4-11a"
"2371","Modern languages","2427","Writing"
"2427","Writing","2428","Organising and using information"
"2428","Organising and using information","2429","MLAN 2-12a"
"2428","Organising and using information","2430","MLAN 2-13a"
"2428","Organising and using information","2431","MLAN 2-13b"
"2428","Organising and using information","2432","MLAN 3-12a"
"2428","Organising and using information","2433","MLAN 3-13a"
"2428","Organising and using information","2434","MLAN 3-13b"
"2428","Organising and using information","2435","MLAN 4-12a"
"2428","Organising and using information","2436","MLAN 4-13a"
"2428","Organising and using information","2437","MLAN 4-13b"
"2427","Writing","2438","Using knowledge about language"
"2438","Using knowledge about language","2439","MLAN 2-14a"
"2438","Using knowledge about language","2440","MLAN 3-14a"
"2438","Using knowledge about language","2441","MLAN 4-14a"
,"CfE","2442","Social studies"
"2442","Social studies","2443","People in society, economy and business"
"2443","People in society, economy and business","2444","SOC 0-15a"
"2443","People in society, economy and business","2445","SOC 0-16a"
"2443","People in society, economy and business","2446","SOC 0-17a"
"2443","People in society, economy and business","2447","SOC 0-18a"
"2443","People in society, economy and business","2448","SOC 0-20a"
"2443","People in society, economy and business","2449","SOC 1-15a"
"2443","People in society, economy and business","2450","SOC 1-16a"
"2443","People in society, economy and business","2451","SOC 1-17a"
"2443","People in society, economy and business","2452","SOC 1-18a"
"2443","People in society, economy and business","2453","SOC 1-20a"
"2443","People in society, economy and business","2454","SOC 1-21a"
"2443","People in society, economy and business","2455","SOC 1-22a"
"2443","People in society, economy and business","2456","SOC 2-15a"
"2443","People in society, economy and business","2457","SOC 2-16a"
"2443","People in society, economy and business","2458","SOC 2-16b"
"2443","People in society, economy and business","2459","SOC 2-16c"
"2443","People in society, economy and business","2460","SOC 2-17a"
"2443","People in society, economy and business","2461","SOC 2-18a"
"2443","People in society, economy and business","2462","SOC 2-19a"
"2443","People in society, economy and business","2463","SOC 2-20a"
"2443","People in society, economy and business","2464","SOC 2-21a"
"2443","People in society, economy and business","2465","SOC 2-22a"
"2443","People in society, economy and business","2466","SOC 3-15a"
"2443","People in society, economy and business","2467","SOC 3-16a"
"2443","People in society, economy and business","2468","SOC 3-17a"
"2443","People in society, economy and business","2469","SOC 3-17b"
"2443","People in society, economy and business","2470","SOC 3-18a"
"2443","People in society, economy and business","2471","SOC 3-19a"
"2443","People in society, economy and business","2472","SOC 3-19b"
"2443","People in society, economy and business","2473","SOC 3-20a"
"2443","People in society, economy and business","2474","SOC 3-20b"
"2443","People in society, economy and business","2475","SOC 3-21a"
"2443","People in society, economy and business","2476","SOC 4-15a"
"2443","People in society, economy and business","2477","SOC 4-16a"
"2443","People in society, economy and business","2478","SOC 4-16b"
"2443","People in society, economy and business","2479","SOC 4-16c"
"2443","People in society, economy and business","2480","SOC 4-17a"
"2443","People in society, economy and business","2481","SOC 4-17b"
"2443","People in society, economy and business","2482","SOC 4-17c"
"2443","People in society, economy and business","2483","SOC 4-18a"
"2443","People in society, economy and business","2484","SOC 4-18b"
"2443","People in society, economy and business","2485","SOC 4-18c"
"2443","People in society, economy and business","2486","SOC 4-19a"
"2443","People in society, economy and business","2487","SOC 4-19b"
"2443","People in society, economy and business","2488","SOC 4-20a"
"2443","People in society, economy and business","2489","SOC 4-20b"
"2443","People in society, economy and business","2490","SOC 4-20c"
"2443","People in society, economy and business","2491","SOC 4-21a"
"2443","People in society, economy and business","2492","SOC 4-21b"
"2443","People in society, economy and business","2493","SOC 4-22a"
"2443","People in society, economy and business","2494","SOC 4-22b"
"2442","Social studies","2495","People, past events and societies"
"2495","People, past events and societies","2496","SOC 0-01a"
"2495","People, past events and societies","2497","SOC 0-02a"
"2495","People, past events and societies","2498","SOC 0-04a"
"2495","People, past events and societies","2499","SOC 1-01a"
"2495","People, past events and societies","2500","SOC 1-02a"
"2495","People, past events and societies","2501","SOC 1-03a"
"2495","People, past events and societies","2502","SOC 1-04a"
"2495","People, past events and societies","2503","SOC 1-06a"
"2495","People, past events and societies","2504","SOC 2-01a"
"2495","People, past events and societies","2505","SOC 2-02a"
"2495","People, past events and societies","2506","SOC 2-03a"
"2495","People, past events and societies","2507","SOC 2-04a"
"2495","People, past events and societies","2508","SOC 2-06a"
"2495","People, past events and societies","2509","SOC 3-01a"
"2495","People, past events and societies","2510","SOC 3-02a"
"2495","People, past events and societies","2511","SOC 3-03a"
"2495","People, past events and societies","2512","SOC 3-04a"
"2495","People, past events and societies","2513","SOC 3-05a"
"2495","People, past events and societies","2514","SOC 3-06a"
"2495","People, past events and societies","2515","SOC 3-06b"
"2495","People, past events and societies","2516","SOC 4-01a"
"2495","People, past events and societies","2517","SOC 4-02a"
"2495","People, past events and societies","2518","SOC 4-04a"
"2495","People, past events and societies","2519","SOC 4-04b"
"2495","People, past events and societies","2520","SOC 4-04c"
"2495","People, past events and societies","2521","SOC 4-05a"
"2495","People, past events and societies","2522","SOC 4-05b"
"2495","People, past events and societies","2523","SOC 4-05c"
"2495","People, past events and societies","2524","SOC 4-06a"
"2495","People, past events and societies","2525","SOC 4-06b"
"2495","People, past events and societies","2526","SOC 4-06c"
"2495","People, past events and societies","2527","SOC 4-06d"
"2442","Social studies","2528","People, place and environment"
"2528","People, place and environment","2529","SOC 0-07a"
"2528","People, place and environment","2530","SOC 0-08a"
"2528","People, place and environment","2531","SOC 0-09a"
"2528","People, place and environment","2532","SOC 0-12a"
"2528","People, place and environment","2533","SOC 1-07a"
"2528","People, place and environment","2534","SOC 1-08a"
"2528","People, place and environment","2535","SOC 1-09a"
"2528","People, place and environment","2536","SOC 1-11a"
"2528","People, place and environment","2537","SOC 1-12a"
"2528","People, place and environment","2538","SOC 1-12b"
"2528","People, place and environment","2539","SOC 1-13a"
"2528","People, place and environment","2540","SOC 1-13b"
"2528","People, place and environment","2541","SOC 1-14a"
"2528","People, place and environment","2542","SOC 2-07a"
"2528","People, place and environment","2543","SOC 2-07b"
"2528","People, place and environment","2544","SOC 2-08a"
"2528","People, place and environment","2545","SOC 2-08b"
"2528","People, place and environment","2546","SOC 2-09a"
"2528","People, place and environment","2547","SOC 2-10a"
"2528","People, place and environment","2548","SOC 2-12a"
"2528","People, place and environment","2549","SOC 2-13a"
"2528","People, place and environment","2550","SOC 2-14a"
"2528","People, place and environment","2551","SOC 3-07a"
"2528","People, place and environment","2552","SOC 3-08a"
"2528","People, place and environment","2553","SOC 3-10a"
"2528","People, place and environment","2554","SOC 3-11a"
"2528","People, place and environment","2555","SOC 3-12a"
"2528","People, place and environment","2556","SOC 3-13a"
"2528","People, place and environment","2557","SOC 3-14a"
"2528","People, place and environment","2558","SOC 4-07a"
"2528","People, place and environment","2559","SOC 4-08a"
"2528","People, place and environment","2560","SOC 4-09a"
"2528","People, place and environment","2561","SOC 4-09b"
"2528","People, place and environment","2562","SOC 4-10a"
"2528","People, place and environment","2563","SOC 4-10b"
"2528","People, place and environment","2564","SOC 4-10c"
"2528","People, place and environment","2565","SOC 4-11a"
"2528","People, place and environment","2566","SOC 4-11b"
"2528","People, place and environment","2567","SOC 4-11c"
"2528","People, place and environment","2568","SOC 4-12a"
"2528","People, place and environment","2569","SOC 4-12b"
"2528","People, place and environment","2570","SOC 4-12c"
"2528","People, place and environment","2571","SOC 4-14a"
,"CfE","2572","Health and wellbeing"
"2572","Health and wellbeing","2573","Food and health"
"2573","Food and health","2574","Food and the consumer"
"2574","Food and the consumer","2575","HWB 0-35a"
"2574","Food and the consumer","2576","HWB 1-35a"
"2574","Food and the consumer","2577","HWB 1-37a"
"2574","Food and the consumer","2578","HWB 2-34a"
"2574","Food and the consumer","2579","HWB 2-35a"
"2574","Food and the consumer","2580","HWB 2-36a"
"2574","Food and the consumer","2581","HWB 2-37a"
"2574","Food and the consumer","2582","HWB 3-34a"
"2574","Food and the consumer","2583","HWB 3-36a"
"2574","Food and the consumer","2584","HWB 4-34a"
"2574","Food and the consumer","2585","HWB 4-35a"
"2574","Food and the consumer","2586","HWB 4-36a"
"2574","Food and the consumer","2587","HWB 4-37a"
"2574","Food and the consumer","2588","HWB 4-37b"
"2573","Food and health","2589","Nutrition"
"2589","Nutrition","2590","HWB 0-29a"
"2589","Nutrition","2591","HWB 0-30a"
"2589","Nutrition","2592","HWB 0-32a"
"2589","Nutrition","2593","HWB 1-29a"
"2589","Nutrition","2594","HWB 1-30a"
"2589","Nutrition","2595","HWB 1-30b"
"2589","Nutrition","2596","HWB 1-32a"
"2589","Nutrition","2597","HWB 2-29a"
"2589","Nutrition","2598","HWB 2-30a"
"2589","Nutrition","2599","HWB 2-32a"
"2589","Nutrition","2600","HWB 3-29a"
"2589","Nutrition","2601","HWB 3-30a"
"2589","Nutrition","2602","HWB 3-31a"
"2589","Nutrition","2603","HWB 3-32a"
"2589","Nutrition","2604","HWB 4-29a"
"2589","Nutrition","2605","HWB 4-30a"
"2589","Nutrition","2606","HWB 4-31a"
"2589","Nutrition","2607","HWB 4-32a"
"2589","Nutrition","2608","HWB 4-32b"
"2573","Food and health","2609","Safe and hygienic practices"
"2609","Safe and hygienic practices","2610","HWB 0-33a"
"2609","Safe and hygienic practices","2611","HWB 1-33a"
"2609","Safe and hygienic practices","2612","HWB 2-33a"
"2609","Safe and hygienic practices","2613","HWB 3-33a"
"2609","Safe and hygienic practices","2614","HWB 4-33a"
"2572","Health and wellbeing","2615","Mental, emotional, social and physical wellbeing"
"2615","Mental, emotional, social and physical wellbeing","2616","Mental and emotional wellbeing"
"2616","Mental and emotional wellbeing","2617","HWB 0-01a"
"2616","Mental and emotional wellbeing","2618","HWB 0-02a"
"2616","Mental and emotional wellbeing","2619","HWB 0-03a"
"2616","Mental and emotional wellbeing","2620","HWB 0-04a"
"2616","Mental and emotional wellbeing","2621","HWB 0-05a"
"2616","Mental and emotional wellbeing","2622","HWB 0-06a"
"2616","Mental and emotional wellbeing","2623","HWB 0-07a"
"2616","Mental and emotional wellbeing","2624","HWB 0-08a"
"2616","Mental and emotional wellbeing","2625","HWB 1-01a"
"2616","Mental and emotional wellbeing","2626","HWB 1-02a"
"2616","Mental and emotional wellbeing","2627","HWB 1-03a"
"2616","Mental and emotional wellbeing","2628","HWB 1-04a"
"2616","Mental and emotional wellbeing","2629","HWB 1-05a"
"2616","Mental and emotional wellbeing","2630","HWB 1-06a"
"2616","Mental and emotional wellbeing","2631","HWB 1-07a"
"2616","Mental and emotional wellbeing","2632","HWB 1-08a"
"2616","Mental and emotional wellbeing","2633","HWB 2-01a"
"2616","Mental and emotional wellbeing","2634","HWB 2-02a"
"2616","Mental and emotional wellbeing","2635","HWB 2-03a"
"2616","Mental and emotional wellbeing","2636","HWB 2-04a"
"2616","Mental and emotional wellbeing","2637","HWB 2-05a"
"2616","Mental and emotional wellbeing","2638","HWB 2-06a"
"2616","Mental and emotional wellbeing","2639","HWB 2-07a"
"2616","Mental and emotional wellbeing","2640","HWB 2-08a"
"2616","Mental and emotional wellbeing","2641","HWB 3-01a"
"2616","Mental and emotional wellbeing","2642","HWB 3-02a"
"2616","Mental and emotional wellbeing","2643","HWB 3-03a"
"2616","Mental and emotional wellbeing","2644","HWB 3-04a"
"2616","Mental and emotional wellbeing","2645","HWB 3-05a"
"2616","Mental and emotional wellbeing","2646","HWB 3-06a"
"2616","Mental and emotional wellbeing","2647","HWB 3-07a"
"2616","Mental and emotional wellbeing","2648","HWB 3-08a"
"2616","Mental and emotional wellbeing","2649","HWB 4-01a"
"2616","Mental and emotional wellbeing","2650","HWB 4-02a"
"2616","Mental and emotional wellbeing","2651","HWB 4-03a"
"2616","Mental and emotional wellbeing","2652","HWB 4-04a"
"2616","Mental and emotional wellbeing","2653","HWB 4-05a"
"2616","Mental and emotional wellbeing","2654","HWB 4-06a"
"2616","Mental and emotional wellbeing","2655","HWB 4-07a"
"2616","Mental and emotional wellbeing","2656","HWB 4-08a"
"2615","Mental, emotional, social and physical wellbeing","2657","Physical wellbeing"
"2657","Physical wellbeing","2658","HWB 0-15a"
"2657","Physical wellbeing","2659","HWB 0-16a"
"2657","Physical wellbeing","2660","HWB 0-17a"
"2657","Physical wellbeing","2661","HWB 0-18a"
"2657","Physical wellbeing","2662","HWB 1-15a"
"2657","Physical wellbeing","2663","HWB 1-16a"
"2657","Physical wellbeing","2664","HWB 1-17a"
"2657","Physical wellbeing","2665","HWB 1-18a"
"2657","Physical wellbeing","2666","HWB 2-15a"
"2657","Physical wellbeing","2667","HWB 2-16a"
"2657","Physical wellbeing","2668","HWB 2-17a"
"2657","Physical wellbeing","2669","HWB 2-18a"
"2657","Physical wellbeing","2670","HWB 3-15a"
"2657","Physical wellbeing","2671","HWB 3-16a"
"2657","Physical wellbeing","2672","HWB 3-17a"
"2657","Physical wellbeing","2673","HWB 3-18a"
"2657","Physical wellbeing","2674","HWB 4-15a"
"2657","Physical wellbeing","2675","HWB 4-16a"
"2657","Physical wellbeing","2676","HWB 4-17a"
"2657","Physical wellbeing","2677","HWB 4-18a"
"2615","Mental, emotional, social and physical wellbeing","2678","Social wellbeing"
"2678","Social wellbeing","2679","HWB 0-09a"
"2678","Social wellbeing","2680","HWB 0-10a"
"2678","Social wellbeing","2681","HWB 0-11a"
"2678","Social wellbeing","2682","HWB 0-12a"
"2678","Social wellbeing","2683","HWB 0-13a"
"2678","Social wellbeing","2684","HWB 0-14a"
"2678","Social wellbeing","2685","HWB 1-09a"
"2678","Social wellbeing","2686","HWB 1-10a"
"2678","Social wellbeing","2687","HWB 1-11a"
"2678","Social wellbeing","2688","HWB 1-12a"
"2678","Social wellbeing","2689","HWB 1-13a"
"2678","Social wellbeing","2690","HWB 1-14a"
"2678","Social wellbeing","2691","HWB 2-09a"
"2678","Social wellbeing","2692","HWB 2-10a"
"2678","Social wellbeing","2693","HWB 2-11a"
"2678","Social wellbeing","2694","HWB 2-12a"
"2678","Social wellbeing","2695","HWB 2-13a"
"2678","Social wellbeing","2696","HWB 2-14a"
"2678","Social wellbeing","2697","HWB 3-09a"
"2678","Social wellbeing","2698","HWB 3-10a"
"2678","Social wellbeing","2699","HWB 3-11a"
"2678","Social wellbeing","2700","HWB 3-12a"
"2678","Social wellbeing","2701","HWB 3-13a"
"2678","Social wellbeing","2702","HWB 3-14a"
"2678","Social wellbeing","2703","HWB 4-09a"
"2678","Social wellbeing","2704","HWB 4-10a"
"2678","Social wellbeing","2705","HWB 4-11a"
"2678","Social wellbeing","2706","HWB 4-12a"
"2678","Social wellbeing","2707","HWB 4-13a"
"2678","Social wellbeing","2708","HWB 4-14a"
"2572","Health and wellbeing","2709","Physical education, physical activity and sport"
"2709","Physical education, physical activity and sport","2710","Physical activity and health"
"2710","Physical activity and health","2711","HWB 0-27a"
"2710","Physical activity and health","2712","HWB 0-28a"
"2710","Physical activity and health","2713","HWB 1-27a"
"2710","Physical activity and health","2714","HWB 1-28a"
"2710","Physical activity and health","2715","HWB 2-27a"
"2710","Physical activity and health","2716","HWB 2-28a"
"2710","Physical activity and health","2717","HWB 3-27a"
"2710","Physical activity and health","2718","HWB 3-28a"
"2710","Physical activity and health","2719","HWB 4-28a"
"2709","Physical education, physical activity and sport","2720","Physical activity and sport"
"2720","Physical activity and sport","2721","HWB 0-25a"
"2720","Physical activity and sport","2722","HWB 1-25a"
"2720","Physical activity and sport","2723","HWB 2-25a"
"2720","Physical activity and sport","2724","HWB 2-26a"
"2720","Physical activity and sport","2725","HWB 3-25a"
"2720","Physical activity and sport","2726","HWB 3-26a"
"2720","Physical activity and sport","2727","HWB 4-25a"
"2720","Physical activity and sport","2728","HWB 4-26a"
"2709","Physical education, physical activity and sport","2729","Physical education"
"2729","Physical education","2730","Cooperation and competition"
"2730","Cooperation and competition","2731","HWB 0-23a"
"2730","Cooperation and competition","2732","HWB 1-23a"
"2730","Cooperation and competition","2733","HWB 2-23a"
"2730","Cooperation and competition","2734","HWB 3-23a"
"2730","Cooperation and competition","2735","HWB 4-23a"
"2729","Physical education","2736","Evaluating and appreciating"
"2736","Evaluating and appreciating","2737","HWB 0-24a"
"2736","Evaluating and appreciating","2738","HWB 1-24a"
"2736","Evaluating and appreciating","2739","HWB 2-24a"
"2736","Evaluating and appreciating","2740","HWB 3-24a"
"2736","Evaluating and appreciating","2741","HWB 4-24a"
"2729","Physical education","2742","Movement skills, competencies and concepts"
"2742","Movement skills, competencies and concepts","2743","HWB 0-21a"
"2742","Movement skills, competencies and concepts","2744","HWB 0-22a"
"2742","Movement skills, competencies and concepts","2745","HWB 1-21a"
"2742","Movement skills, competencies and concepts","2746","HWB 1-22a"
"2742","Movement skills, competencies and concepts","2747","HWB 2-21a"
"2742","Movement skills, competencies and concepts","2748","HWB 2-22a"
"2742","Movement skills, competencies and concepts","2749","HWB 3-21a"
"2742","Movement skills, competencies and concepts","2750","HWB 3-22a"
"2742","Movement skills, competencies and concepts","2751","HWB 4-21a"
"2742","Movement skills, competencies and concepts","2752","HWB 4-22a"
"2572","Health and wellbeing","2753","Planning for choices and changes"
"2753","Planning for choices and changes","2754","Planning for choices and changes"
"2754","Planning for choices and changes","2755","HWB 0-19a"
"2754","Planning for choices and changes","2756","HWB 0-20a"
"2754","Planning for choices and changes","2757","HWB 1-19a"
"2754","Planning for choices and changes","2758","HWB 1-20a"
"2754","Planning for choices and changes","2759","HWB 2-19a"
"2754","Planning for choices and changes","2760","HWB 2-20a"
"2754","Planning for choices and changes","2761","HWB 3-19a"
"2754","Planning for choices and changes","2762","HWB 3-20a"
"2754","Planning for choices and changes","2763","HWB 4-19a"
"2754","Planning for choices and changes","2764","HWB 4-20a"
"2572","Health and wellbeing","2765","Relationships sexual health and parenthood"
"2765","Relationships sexual health and parenthood","2766","Relationships sexual health and parenthood"
"2766","Relationships sexual health and parenthood","2767","HWB 0-44a"
"2766","Relationships sexual health and parenthood","2768","HWB 0-44b"
"2766","Relationships sexual health and parenthood","2769","HWB 0-45a"
"2766","Relationships sexual health and parenthood","2770","HWB 0-45b"
"2766","Relationships sexual health and parenthood","2771","HWB 0-47a"
"2766","Relationships sexual health and parenthood","2772","HWB 0-47b"
"2766","Relationships sexual health and parenthood","2773","HWB 0-48a"
"2766","Relationships sexual health and parenthood","2774","HWB 0-49a"
"2766","Relationships sexual health and parenthood","2775","HWB 0-50a"
"2766","Relationships sexual health and parenthood","2776","HWB 0-51a"
"2766","Relationships sexual health and parenthood","2777","HWB 1-44a"
"2766","Relationships sexual health and parenthood","2778","HWB 1-44b"
"2766","Relationships sexual health and parenthood","2779","HWB 1-45a"
"2766","Relationships sexual health and parenthood","2780","HWB 1-45b"
"2766","Relationships sexual health and parenthood","2781","HWB 1-47a"
"2766","Relationships sexual health and parenthood","2782","HWB 1-47b"
"2766","Relationships sexual health and parenthood","2783","HWB 1-48a"
"2766","Relationships sexual health and parenthood","2784","HWB 1-49a"
"2766","Relationships sexual health and parenthood","2785","HWB 1-50a"
"2766","Relationships sexual health and parenthood","2786","HWB 1-51a"
"2766","Relationships sexual health and parenthood","2787","HWB 2-44a"
"2766","Relationships sexual health and parenthood","2788","HWB 2-44b"
"2766","Relationships sexual health and parenthood","2789","HWB 2-45a"
"2766","Relationships sexual health and parenthood","2790","HWB 2-45b"
"2766","Relationships sexual health and parenthood","2791","HWB 2-47a"
"2766","Relationships sexual health and parenthood","2792","HWB 2-48a"
"2766","Relationships sexual health and parenthood","2793","HWB 2-49a"
"2766","Relationships sexual health and parenthood","2794","HWB 2-50a"
"2766","Relationships sexual health and parenthood","2795","HWB 2-51a"
"2766","Relationships sexual health and parenthood","2796","HWB 3-44a"
"2766","Relationships sexual health and parenthood","2797","HWB 3-44b"
"2766","Relationships sexual health and parenthood","2798","HWB 3-44c"
"2766","Relationships sexual health and parenthood","2799","HWB 3-45a"
"2766","Relationships sexual health and parenthood","2800","HWB 3-45b"
"2766","Relationships sexual health and parenthood","2801","HWB 3-46a"
"2766","Relationships sexual health and parenthood","2802","HWB 3-46b"
"2766","Relationships sexual health and parenthood","2803","HWB 3-46c"
"2766","Relationships sexual health and parenthood","2804","HWB 3-47a"
"2766","Relationships sexual health and parenthood","2805","HWB 3-47b"
"2766","Relationships sexual health and parenthood","2806","HWB 3-48a"
"2766","Relationships sexual health and parenthood","2807","HWB 3-49a"
"2766","Relationships sexual health and parenthood","2808","HWB 3-49b"
"2766","Relationships sexual health and parenthood","2809","HWB 3-51a"
"2766","Relationships sexual health and parenthood","2810","HWB 3-51b"
"2766","Relationships sexual health and parenthood","2811","HWB 4-44a"
"2766","Relationships sexual health and parenthood","2812","HWB 4-44b"
"2766","Relationships sexual health and parenthood","2813","HWB 4-44c"
"2766","Relationships sexual health and parenthood","2814","HWB 4-45a"
"2766","Relationships sexual health and parenthood","2815","HWB 4-45b"
"2766","Relationships sexual health and parenthood","2816","HWB 4-46a"
"2766","Relationships sexual health and parenthood","2817","HWB 4-46b"
"2766","Relationships sexual health and parenthood","2818","HWB 4-46c"
"2766","Relationships sexual health and parenthood","2819","HWB 4-47a"
"2766","Relationships sexual health and parenthood","2820","HWB 4-47b"
"2766","Relationships sexual health and parenthood","2821","HWB 4-48a"
"2766","Relationships sexual health and parenthood","2822","HWB 4-49a"
"2766","Relationships sexual health and parenthood","2823","HWB 4-49b"
"2766","Relationships sexual health and parenthood","2824","HWB 4-51a"
"2766","Relationships sexual health and parenthood","2825","HWB 4-51b"
"2572","Health and wellbeing","2826","Substance misuse"
"2826","Substance misuse","2827","Substance misuse"
"2827","Substance misuse","2828","HWB 0-38a"
"2827","Substance misuse","2829","HWB 0-42a"
"2827","Substance misuse","2830","HWB 1-38a"
"2827","Substance misuse","2831","HWB 1-42a"
"2827","Substance misuse","2832","HWB 2-38a"
"2827","Substance misuse","2833","HWB 2-39a"
"2827","Substance misuse","2834","HWB 2-40a"
"2827","Substance misuse","2835","HWB 2-41a"
"2827","Substance misuse","2836","HWB 2-42a"
"2827","Substance misuse","2837","HWB 2-43a"
"2827","Substance misuse","2838","HWB 3-38a"
"2827","Substance misuse","2839","HWB 3-39a"
"2827","Substance misuse","2840","HWB 3-40a"
"2827","Substance misuse","2841","HWB 3-40b"
"2827","Substance misuse","2842","HWB 3-41a"
"2827","Substance misuse","2843","HWB 3-41b"
"2827","Substance misuse","2844","HWB 3-42a"
"2827","Substance misuse","2845","HWB 3-43a"
"2827","Substance misuse","2846","HWB 3-43b"
"2827","Substance misuse","2847","HWB 4-38a"
"2827","Substance misuse","2848","HWB 4-39a"
"2827","Substance misuse","2849","HWB 4-40a"
"2827","Substance misuse","2850","HWB 4-40b"
"2827","Substance misuse","2851","HWB 4-41a"
"2827","Substance misuse","2852","HWB 4-41b"
"2827","Substance misuse","2853","HWB 4-42a"
"2827","Substance misuse","2854","HWB 4-43a"
"2827","Substance misuse","2855","HWB 4-43b"
"2827","Substance misuse","2856","HWB 4-43c"
